1|NO_AUTH_BASELINE|https://arzplus.com/api/v1/balance|__NO_AUTH__|000000|
2|AUTHORIZATION_TOKEN|https://arzplus.com/api/v1/balance|Authorization|000000|
3|AUTHORIZATION_BEARER|https://arzplus.com/api/v1/balance|Authorization|000000|
4|AUTHORIZATION_RAW|https://arzplus.com/api/v1/balance|Authorization|000000|
5|X_API_KEY|https://arzplus.com/api/v1/balance|X-API-KEY|000000|
6|TOKEN_HEADER_LOWER|https://arzplus.com/api/v1/balance|token|000000|
7|NO_AUTH_BASELINE|https://arzplus.com/api/v1/balance/|__NO_AUTH__|000000|
8|AUTHORIZATION_TOKEN|https://arzplus.com/api/v1/balance/|Authorization|000000|
9|AUTHORIZATION_BEARER|https://arzplus.com/api/v1/balance/|Authorization|000000|
10|AUTHORIZATION_RAW|https://arzplus.com/api/v1/balance/|Authorization|000000|
11|X_API_KEY|https://arzplus.com/api/v1/balance/|X-API-KEY|000000|
12|TOKEN_HEADER_LOWER|https://arzplus.com/api/v1/balance/|token|000000|
13|NO_AUTH_BASELINE|https://arzplus.com/api/balance|__NO_AUTH__|000000|
14|AUTHORIZATION_TOKEN|https://arzplus.com/api/balance|Authorization|000000|
15|AUTHORIZATION_BEARER|https://arzplus.com/api/balance|Authorization|000000|
16|AUTHORIZATION_RAW|https://arzplus.com/api/balance|Authorization|000000|
17|X_API_KEY|https://arzplus.com/api/balance|X-API-KEY|000000|
18|TOKEN_HEADER_LOWER|https://arzplus.com/api/balance|token|000000|
19|NO_AUTH_BASELINE|https://arzplus.com/api/balance/|__NO_AUTH__|000000|
20|AUTHORIZATION_TOKEN|https://arzplus.com/api/balance/|Authorization|000000|
21|AUTHORIZATION_BEARER|https://arzplus.com/api/balance/|Authorization|000000|
22|AUTHORIZATION_RAW|https://arzplus.com/api/balance/|Authorization|000000|
23|X_API_KEY|https://arzplus.com/api/balance/|X-API-KEY|000000|
24|TOKEN_HEADER_LOWER|https://arzplus.com/api/balance/|token|000000|
25|NO_AUTH_BASELINE|https://arzplus.com/api/v1/wallet/balance|__NO_AUTH__|000000|
26|AUTHORIZATION_TOKEN|https://arzplus.com/api/v1/wallet/balance|Authorization|000000|
27|AUTHORIZATION_BEARER|https://arzplus.com/api/v1/wallet/balance|Authorization|000000|
28|AUTHORIZATION_RAW|https://arzplus.com/api/v1/wallet/balance|Authorization|000000|
29|X_API_KEY|https://arzplus.com/api/v1/wallet/balance|X-API-KEY|000000|
30|TOKEN_HEADER_LOWER|https://arzplus.com/api/v1/wallet/balance|token|000000|
31|NO_AUTH_BASELINE|https://arzplus.com/api/v1/wallet/balance/|__NO_AUTH__|000000|
32|AUTHORIZATION_TOKEN|https://arzplus.com/api/v1/wallet/balance/|Authorization|000000|
33|AUTHORIZATION_BEARER|https://arzplus.com/api/v1/wallet/balance/|Authorization|000000|
34|AUTHORIZATION_RAW|https://arzplus.com/api/v1/wallet/balance/|Authorization|000000|
35|X_API_KEY|https://arzplus.com/api/v1/wallet/balance/|X-API-KEY|000000|
36|TOKEN_HEADER_LOWER|https://arzplus.com/api/v1/wallet/balance/|token|000000|
37|NO_AUTH_BASELINE|https://arzplus.com/api/v1/wallets/balance|__NO_AUTH__|000000|
38|AUTHORIZATION_TOKEN|https://arzplus.com/api/v1/wallets/balance|Authorization|000000|
39|AUTHORIZATION_BEARER|https://arzplus.com/api/v1/wallets/balance|Authorization|000000|
40|AUTHORIZATION_RAW|https://arzplus.com/api/v1/wallets/balance|Authorization|000000|
41|X_API_KEY|https://arzplus.com/api/v1/wallets/balance|X-API-KEY|000000|
42|TOKEN_HEADER_LOWER|https://arzplus.com/api/v1/wallets/balance|token|000000|
43|NO_AUTH_BASELINE|https://arzplus.com/api/v1/wallets/balance/|__NO_AUTH__|000000|
44|AUTHORIZATION_TOKEN|https://arzplus.com/api/v1/wallets/balance/|Authorization|000000|
45|AUTHORIZATION_BEARER|https://arzplus.com/api/v1/wallets/balance/|Authorization|000000|
46|AUTHORIZATION_RAW|https://arzplus.com/api/v1/wallets/balance/|Authorization|000000|
47|X_API_KEY|https://arzplus.com/api/v1/wallets/balance/|X-API-KEY|000000|
48|TOKEN_HEADER_LOWER|https://arzplus.com/api/v1/wallets/balance/|token|000000|
49|NO_AUTH_BASELINE|https://arzplus.com/api/v1/me|__NO_AUTH__|000000|
50|AUTHORIZATION_TOKEN|https://arzplus.com/api/v1/me|Authorization|000000|
51|AUTHORIZATION_BEARER|https://arzplus.com/api/v1/me|Authorization|000000|
52|AUTHORIZATION_RAW|https://arzplus.com/api/v1/me|Authorization|000000|
53|X_API_KEY|https://arzplus.com/api/v1/me|X-API-KEY|000000|
54|TOKEN_HEADER_LOWER|https://arzplus.com/api/v1/me|token|000000|
55|NO_AUTH_BASELINE|https://arzplus.com/api/v1/me/|__NO_AUTH__|000000|
56|AUTHORIZATION_TOKEN|https://arzplus.com/api/v1/me/|Authorization|000000|
57|AUTHORIZATION_BEARER|https://arzplus.com/api/v1/me/|Authorization|000000|
58|AUTHORIZATION_RAW|https://arzplus.com/api/v1/me/|Authorization|000000|
59|X_API_KEY|https://arzplus.com/api/v1/me/|X-API-KEY|000000|
60|TOKEN_HEADER_LOWER|https://arzplus.com/api/v1/me/|token|000000|
61|NO_AUTH_BASELINE|https://arzplus.com/api/me|__NO_AUTH__|000000|
62|AUTHORIZATION_TOKEN|https://arzplus.com/api/me|Authorization|000000|
63|AUTHORIZATION_BEARER|https://arzplus.com/api/me|Authorization|000000|
64|AUTHORIZATION_RAW|https://arzplus.com/api/me|Authorization|000000|
65|X_API_KEY|https://arzplus.com/api/me|X-API-KEY|000000|
66|TOKEN_HEADER_LOWER|https://arzplus.com/api/me|token|000000|
67|NO_AUTH_BASELINE|https://arzplus.com/api/me/|__NO_AUTH__|000000|
68|AUTHORIZATION_TOKEN|https://arzplus.com/api/me/|Authorization|000000|
69|AUTHORIZATION_BEARER|https://arzplus.com/api/me/|Authorization|000000|
70|AUTHORIZATION_RAW|https://arzplus.com/api/me/|Authorization|000000|
71|X_API_KEY|https://arzplus.com/api/me/|X-API-KEY|000000|
72|TOKEN_HEADER_LOWER|https://arzplus.com/api/me/|token|000000|
73|NO_AUTH_BASELINE|https://www.arzplus.com/api/v1/balance|__NO_AUTH__|000000|
74|AUTHORIZATION_TOKEN|https://www.arzplus.com/api/v1/balance|Authorization|000000|
75|AUTHORIZATION_BEARER|https://www.arzplus.com/api/v1/balance|Authorization|000000|
76|AUTHORIZATION_RAW|https://www.arzplus.com/api/v1/balance|Authorization|000000|
77|X_API_KEY|https://www.arzplus.com/api/v1/balance|X-API-KEY|000000|
78|TOKEN_HEADER_LOWER|https://www.arzplus.com/api/v1/balance|token|000000|
79|NO_AUTH_BASELINE|https://www.arzplus.com/api/v1/balance/|__NO_AUTH__|000000|
80|AUTHORIZATION_TOKEN|https://www.arzplus.com/api/v1/balance/|Authorization|000000|
81|AUTHORIZATION_BEARER|https://www.arzplus.com/api/v1/balance/|Authorization|000000|
82|AUTHORIZATION_RAW|https://www.arzplus.com/api/v1/balance/|Authorization|000000|
83|X_API_KEY|https://www.arzplus.com/api/v1/balance/|X-API-KEY|000000|
84|TOKEN_HEADER_LOWER|https://www.arzplus.com/api/v1/balance/|token|000000|
85|NO_AUTH_BASELINE|https://www.arzplus.com/api/balance|__NO_AUTH__|000000|
86|AUTHORIZATION_TOKEN|https://www.arzplus.com/api/balance|Authorization|000000|
87|AUTHORIZATION_BEARER|https://www.arzplus.com/api/balance|Authorization|000000|
88|AUTHORIZATION_RAW|https://www.arzplus.com/api/balance|Authorization|000000|
89|X_API_KEY|https://www.arzplus.com/api/balance|X-API-KEY|000000|
90|TOKEN_HEADER_LOWER|https://www.arzplus.com/api/balance|token|000000|
91|NO_AUTH_BASELINE|https://www.arzplus.com/api/balance/|__NO_AUTH__|000000|
92|AUTHORIZATION_TOKEN|https://www.arzplus.com/api/balance/|Authorization|000000|
93|AUTHORIZATION_BEARER|https://www.arzplus.com/api/balance/|Authorization|000000|
94|AUTHORIZATION_RAW|https://www.arzplus.com/api/balance/|Authorization|000000|
95|X_API_KEY|https://www.arzplus.com/api/balance/|X-API-KEY|000000|
96|TOKEN_HEADER_LOWER|https://www.arzplus.com/api/balance/|token|000000|
97|NO_AUTH_BASELINE|https://www.arzplus.com/api/v1/wallet/balance|__NO_AUTH__|000000|
98|AUTHORIZATION_TOKEN|https://www.arzplus.com/api/v1/wallet/balance|Authorization|000000|
99|AUTHORIZATION_BEARER|https://www.arzplus.com/api/v1/wallet/balance|Authorization|000000|
100|AUTHORIZATION_RAW|https://www.arzplus.com/api/v1/wallet/balance|Authorization|000000|
101|X_API_KEY|https://www.arzplus.com/api/v1/wallet/balance|X-API-KEY|000000|
102|TOKEN_HEADER_LOWER|https://www.arzplus.com/api/v1/wallet/balance|token|000000|
103|NO_AUTH_BASELINE|https://www.arzplus.com/api/v1/wallet/balance/|__NO_AUTH__|000000|
104|AUTHORIZATION_TOKEN|https://www.arzplus.com/api/v1/wallet/balance/|Authorization|000000|
105|AUTHORIZATION_BEARER|https://www.arzplus.com/api/v1/wallet/balance/|Authorization|000000|
106|AUTHORIZATION_RAW|https://www.arzplus.com/api/v1/wallet/balance/|Authorization|000000|
107|X_API_KEY|https://www.arzplus.com/api/v1/wallet/balance/|X-API-KEY|000000|
108|TOKEN_HEADER_LOWER|https://www.arzplus.com/api/v1/wallet/balance/|token|000000|
109|NO_AUTH_BASELINE|https://www.arzplus.com/api/v1/wallets/balance|__NO_AUTH__|000000|
110|AUTHORIZATION_TOKEN|https://www.arzplus.com/api/v1/wallets/balance|Authorization|000000|
111|AUTHORIZATION_BEARER|https://www.arzplus.com/api/v1/wallets/balance|Authorization|000000|
112|AUTHORIZATION_RAW|https://www.arzplus.com/api/v1/wallets/balance|Authorization|000000|
113|X_API_KEY|https://www.arzplus.com/api/v1/wallets/balance|X-API-KEY|000000|
114|TOKEN_HEADER_LOWER|https://www.arzplus.com/api/v1/wallets/balance|token|000000|
115|NO_AUTH_BASELINE|https://www.arzplus.com/api/v1/wallets/balance/|__NO_AUTH__|000000|
116|AUTHORIZATION_TOKEN|https://www.arzplus.com/api/v1/wallets/balance/|Authorization|000000|
117|AUTHORIZATION_BEARER|https://www.arzplus.com/api/v1/wallets/balance/|Authorization|000000|
118|AUTHORIZATION_RAW|https://www.arzplus.com/api/v1/wallets/balance/|Authorization|000000|
119|X_API_KEY|https://www.arzplus.com/api/v1/wallets/balance/|X-API-KEY|000000|
120|TOKEN_HEADER_LOWER|https://www.arzplus.com/api/v1/wallets/balance/|token|000000|
121|NO_AUTH_BASELINE|https://www.arzplus.com/api/v1/me|__NO_AUTH__|000000|
122|AUTHORIZATION_TOKEN|https://www.arzplus.com/api/v1/me|Authorization|000000|
123|AUTHORIZATION_BEARER|https://www.arzplus.com/api/v1/me|Authorization|000000|
124|AUTHORIZATION_RAW|https://www.arzplus.com/api/v1/me|Authorization|000000|
125|X_API_KEY|https://www.arzplus.com/api/v1/me|X-API-KEY|000000|
126|TOKEN_HEADER_LOWER|https://www.arzplus.com/api/v1/me|token|000000|
127|NO_AUTH_BASELINE|https://www.arzplus.com/api/v1/me/|__NO_AUTH__|000000|
128|AUTHORIZATION_TOKEN|https://www.arzplus.com/api/v1/me/|Authorization|000000|
129|AUTHORIZATION_BEARER|https://www.arzplus.com/api/v1/me/|Authorization|000000|
130|AUTHORIZATION_RAW|https://www.arzplus.com/api/v1/me/|Authorization|000000|
131|X_API_KEY|https://www.arzplus.com/api/v1/me/|X-API-KEY|000000|
132|TOKEN_HEADER_LOWER|https://www.arzplus.com/api/v1/me/|token|000000|
133|NO_AUTH_BASELINE|https://www.arzplus.com/api/me|__NO_AUTH__|000000|
134|AUTHORIZATION_TOKEN|https://www.arzplus.com/api/me|Authorization|000000|
135|AUTHORIZATION_BEARER|https://www.arzplus.com/api/me|Authorization|000000|
136|AUTHORIZATION_RAW|https://www.arzplus.com/api/me|Authorization|000000|
137|X_API_KEY|https://www.arzplus.com/api/me|X-API-KEY|000000|
138|TOKEN_HEADER_LOWER|https://www.arzplus.com/api/me|token|000000|
139|NO_AUTH_BASELINE|https://www.arzplus.com/api/me/|__NO_AUTH__|000000|
140|AUTHORIZATION_TOKEN|https://www.arzplus.com/api/me/|Authorization|000000|
141|AUTHORIZATION_BEARER|https://www.arzplus.com/api/me/|Authorization|000000|
142|AUTHORIZATION_RAW|https://www.arzplus.com/api/me/|Authorization|000000|
143|X_API_KEY|https://www.arzplus.com/api/me/|X-API-KEY|000000|
144|TOKEN_HEADER_LOWER|https://www.arzplus.com/api/me/|token|000000|
145|NO_AUTH_BASELINE|https://api.arzplus.com/api/v1/balance|__NO_AUTH__|000000|
146|AUTHORIZATION_TOKEN|https://api.arzplus.com/api/v1/balance|Authorization|000000|
147|AUTHORIZATION_BEARER|https://api.arzplus.com/api/v1/balance|Authorization|000000|
148|AUTHORIZATION_RAW|https://api.arzplus.com/api/v1/balance|Authorization|000000|
149|X_API_KEY|https://api.arzplus.com/api/v1/balance|X-API-KEY|000000|
150|TOKEN_HEADER_LOWER|https://api.arzplus.com/api/v1/balance|token|000000|
151|NO_AUTH_BASELINE|https://api.arzplus.com/api/v1/balance/|__NO_AUTH__|000000|
152|AUTHORIZATION_TOKEN|https://api.arzplus.com/api/v1/balance/|Authorization|000000|
153|AUTHORIZATION_BEARER|https://api.arzplus.com/api/v1/balance/|Authorization|000000|
154|AUTHORIZATION_RAW|https://api.arzplus.com/api/v1/balance/|Authorization|000000|
155|X_API_KEY|https://api.arzplus.com/api/v1/balance/|X-API-KEY|000000|
156|TOKEN_HEADER_LOWER|https://api.arzplus.com/api/v1/balance/|token|000000|
157|NO_AUTH_BASELINE|https://api.arzplus.com/api/balance|__NO_AUTH__|000000|
158|AUTHORIZATION_TOKEN|https://api.arzplus.com/api/balance|Authorization|000000|
159|AUTHORIZATION_BEARER|https://api.arzplus.com/api/balance|Authorization|000000|
160|AUTHORIZATION_RAW|https://api.arzplus.com/api/balance|Authorization|000000|
161|X_API_KEY|https://api.arzplus.com/api/balance|X-API-KEY|000000|
162|TOKEN_HEADER_LOWER|https://api.arzplus.com/api/balance|token|000000|
163|NO_AUTH_BASELINE|https://api.arzplus.com/api/balance/|__NO_AUTH__|000000|
164|AUTHORIZATION_TOKEN|https://api.arzplus.com/api/balance/|Authorization|000000|
165|AUTHORIZATION_BEARER|https://api.arzplus.com/api/balance/|Authorization|000000|
166|AUTHORIZATION_RAW|https://api.arzplus.com/api/balance/|Authorization|000000|
167|X_API_KEY|https://api.arzplus.com/api/balance/|X-API-KEY|000000|
168|TOKEN_HEADER_LOWER|https://api.arzplus.com/api/balance/|token|000000|
169|NO_AUTH_BASELINE|https://api.arzplus.com/api/v1/wallet/balance|__NO_AUTH__|000000|
170|AUTHORIZATION_TOKEN|https://api.arzplus.com/api/v1/wallet/balance|Authorization|000000|
171|AUTHORIZATION_BEARER|https://api.arzplus.com/api/v1/wallet/balance|Authorization|000000|
172|AUTHORIZATION_RAW|https://api.arzplus.com/api/v1/wallet/balance|Authorization|000000|
173|X_API_KEY|https://api.arzplus.com/api/v1/wallet/balance|X-API-KEY|000000|
174|TOKEN_HEADER_LOWER|https://api.arzplus.com/api/v1/wallet/balance|token|000000|
175|NO_AUTH_BASELINE|https://api.arzplus.com/api/v1/wallet/balance/|__NO_AUTH__|000000|
176|AUTHORIZATION_TOKEN|https://api.arzplus.com/api/v1/wallet/balance/|Authorization|000000|
177|AUTHORIZATION_BEARER|https://api.arzplus.com/api/v1/wallet/balance/|Authorization|000000|
178|AUTHORIZATION_RAW|https://api.arzplus.com/api/v1/wallet/balance/|Authorization|000000|
179|X_API_KEY|https://api.arzplus.com/api/v1/wallet/balance/|X-API-KEY|000000|
180|TOKEN_HEADER_LOWER|https://api.arzplus.com/api/v1/wallet/balance/|token|000000|
181|NO_AUTH_BASELINE|https://api.arzplus.com/api/v1/wallets/balance|__NO_AUTH__|000000|
182|AUTHORIZATION_TOKEN|https://api.arzplus.com/api/v1/wallets/balance|Authorization|000000|
183|AUTHORIZATION_BEARER|https://api.arzplus.com/api/v1/wallets/balance|Authorization|000000|
184|AUTHORIZATION_RAW|https://api.arzplus.com/api/v1/wallets/balance|Authorization|000000|
185|X_API_KEY|https://api.arzplus.com/api/v1/wallets/balance|X-API-KEY|000000|
186|TOKEN_HEADER_LOWER|https://api.arzplus.com/api/v1/wallets/balance|token|000000|
187|NO_AUTH_BASELINE|https://api.arzplus.com/api/v1/wallets/balance/|__NO_AUTH__|000000|
188|AUTHORIZATION_TOKEN|https://api.arzplus.com/api/v1/wallets/balance/|Authorization|000000|
189|AUTHORIZATION_BEARER|https://api.arzplus.com/api/v1/wallets/balance/|Authorization|000000|
190|AUTHORIZATION_RAW|https://api.arzplus.com/api/v1/wallets/balance/|Authorization|000000|
191|X_API_KEY|https://api.arzplus.com/api/v1/wallets/balance/|X-API-KEY|000000|
192|TOKEN_HEADER_LOWER|https://api.arzplus.com/api/v1/wallets/balance/|token|000000|
193|NO_AUTH_BASELINE|https://api.arzplus.com/api/v1/me|__NO_AUTH__|000000|
194|AUTHORIZATION_TOKEN|https://api.arzplus.com/api/v1/me|Authorization|000000|
195|AUTHORIZATION_BEARER|https://api.arzplus.com/api/v1/me|Authorization|000000|
196|AUTHORIZATION_RAW|https://api.arzplus.com/api/v1/me|Authorization|000000|
197|X_API_KEY|https://api.arzplus.com/api/v1/me|X-API-KEY|000000|
198|TOKEN_HEADER_LOWER|https://api.arzplus.com/api/v1/me|token|000000|
199|NO_AUTH_BASELINE|https://api.arzplus.com/api/v1/me/|__NO_AUTH__|000000|
200|AUTHORIZATION_TOKEN|https://api.arzplus.com/api/v1/me/|Authorization|000000|
201|AUTHORIZATION_BEARER|https://api.arzplus.com/api/v1/me/|Authorization|000000|
202|AUTHORIZATION_RAW|https://api.arzplus.com/api/v1/me/|Authorization|000000|
203|X_API_KEY|https://api.arzplus.com/api/v1/me/|X-API-KEY|000000|
204|TOKEN_HEADER_LOWER|https://api.arzplus.com/api/v1/me/|token|000000|
205|NO_AUTH_BASELINE|https://api.arzplus.com/api/me|__NO_AUTH__|000000|
206|AUTHORIZATION_TOKEN|https://api.arzplus.com/api/me|Authorization|000000|
207|AUTHORIZATION_BEARER|https://api.arzplus.com/api/me|Authorization|000000|
208|AUTHORIZATION_RAW|https://api.arzplus.com/api/me|Authorization|000000|
209|X_API_KEY|https://api.arzplus.com/api/me|X-API-KEY|000000|
210|TOKEN_HEADER_LOWER|https://api.arzplus.com/api/me|token|000000|
211|NO_AUTH_BASELINE|https://api.arzplus.com/api/me/|__NO_AUTH__|000000|
212|AUTHORIZATION_TOKEN|https://api.arzplus.com/api/me/|Authorization|000000|
213|AUTHORIZATION_BEARER|https://api.arzplus.com/api/me/|Authorization|000000|
214|AUTHORIZATION_RAW|https://api.arzplus.com/api/me/|Authorization|000000|
215|X_API_KEY|https://api.arzplus.com/api/me/|X-API-KEY|000000|
216|TOKEN_HEADER_LOWER|https://api.arzplus.com/api/me/|token|000000|
